timedate,yTi,Ta,Ph,Gv
1983-10-10 15:20:00,24.5019,11.8264,1.5,0.007
1983-10-10 15:30:00,24.5511,11.9301,1.5,0.0053
1983-10-10 15:40:00,24.6569,12.0966,1.5,0.0049
1983-10-10 15:50:00,24.7701,12.2795,1.5,0.0051
1983-10-10 16:00:00,24.6643,12.5938,1.5,0.0011
1983-10-10 16:10:00,24.6249,12.7291,1.5,0.001
1983-10-10 16:20:00,24.7529,12.7253,1.5,7e-4
1983-10-10 16:30:00,24.8242,12.6926,1.5,1e-4
1983-10-10 16:40:00,24.8562,12.674,1.5,0
1983-10-10 16:50:00,24.8956,12.694,1.5,6e-4
1983-10-10 17:00:00,24.9325,12.7004,1.5,6e-4
1983-10-10 17:10:00,24.962,12.6781,1.5,-1e-4
1983-10-10 17:20:00,25.0112,12.6779,1.5,-2e-4
1983-10-10 17:30:00,25.0259,12.6342,1.5,-2e-4
1983-10-10 17:40:00,25.0776,12.6129,1.5,-1e-4
1983-10-10 17:50:00,25.0849,12.5505,1.5,-2e-4
1983-10-10 18:00:00,25.1341,12.3404,1.5,0
1983-10-10 18:10:00,25.1587,12.1071,1.5,-1e-4
1983-10-10 18:20:00,25.1661,12.0212,1.5,-4e-4
1983-10-10 18:30:00,25.2226,11.9465,1.5,-4e-4
1983-10-10 18:40:00,25.2177,11.8654,1.5,-2e-4
1983-10-10 18:50:00,25.2693,11.8363,1.5,0
1983-10-10 19:00:00,25.2964,11.8416,1.5,0
1983-10-10 19:10:00,25.3136,11.8401,1.5,-3e-4
1983-10-10 19:20:00,25.348,11.8794,1.5,0
1983-10-10 19:30:00,25.375,11.8634,1.5,-3e-4
1983-10-10 19:40:00,25.4168,11.819,1.5,4e-4
1983-10-10 19:50:00,25.4364,11.8175,1.5,9e-4
1983-10-10 20:00:00,25.4536,11.7763,1.5,8e-4
1983-10-10 20:10:00,25.4856,11.7797,1.5,7e-4
1983-10-10 20:20:00,25.52,11.7812,1.5,6e-4
1983-10-10 20:30:00,25.5445,11.7715,1.5,5e-4
1983-10-10 20:40:00,25.5544,11.7459,1.5,3e-4
1983-10-10 20:50:00,25.6158,11.7288,1.5,1e-4
1983-10-10 21:00:00,25.6182,11.6712,1.5,0
1983-10-10 21:10:00,25.66,11.5974,1.5,0
1983-10-10 21:20:00,25.6796,11.4982,1.5,0
1983-10-10 21:30:00,25.6894,11.3342,1.5,0
1983-10-10 21:40:00,25.7189,11.201,1.5,-1e-4
1983-10-10 21:50:00,25.7459,11.0882,1.5,-2e-4
1983-10-10 22:00:00,25.7631,10.9359,1.5,-1e-4
1983-10-10 22:10:00,25.6256,10.7086,0,-3e-4
1983-10-10 22:20:00,25.461,10.3858,0,-8e-4
1983-10-10 22:30:00,25.3725,10.0958,0,-0.0011
1983-10-10 22:40:00,25.3209,9.8192,0,-0.0011
1983-10-10 22:50:00,25.2742,9.6819,0,-0.0011
1983-10-10 23:00:00,25.2128,9.5527,0,-0.0012
1983-10-10 23:10:00,25.3529,9.4139,1.5,-0.0013
1983-10-10 23:20:00,25.5126,9.2373,1.5,-0.0013
1983-10-10 23:30:00,25.5912,9.1836,1.5,-0.0013
1983-10-10 23:40:00,25.6158,9.0848,1.5,-0.0014
1983-10-10 23:50:00,25.6649,9.0228,1.5,-0.0013
1983-10-11 00:00:00,25.6649,8.9402,1.5,-0.0013
1983-10-11 00:10:00,25.5666,8.8456,0,-0.0014
1983-10-11 00:20:00,25.3947,8.8131,0,-0.0012
1983-10-11 00:30:00,25.3013,8.7541,0,-0.0012
1983-10-11 00:40:00,25.257,8.6915,0,-0.0012
1983-10-11 00:50:00,25.1907,8.7139,0,-9e-4
1983-10-11 01:00:00,25.144,8.8483,0,-5e-4
1983-10-11 01:10:00,25.2988,9.0186,1.5,-3e-4
1983-10-11 01:20:00,25.4757,9.2078,1.5,-7e-4
1983-10-11 01:30:00,25.5372,9.1585,1.5,-7e-4
1983-10-11 01:40:00,25.5716,9.1419,1.5,-6e-4
1983-10-11 01:50:00,25.5986,9.1764,1.5,-5e-4
1983-10-11 02:00:00,25.6354,9.1273,1.5,-4e-4
1983-10-11 02:10:00,25.547,8.9072,0,-7e-4
1983-10-11 02:20:00,25.4119,8.6138,0,-0.0011
1983-10-11 02:30:00,25.3111,8.3923,0,-0.0011
1983-10-11 02:40:00,25.2202,8.3496,0,-0.0011
1983-10-11 02:50:00,25.1735,8.2473,0,-0.0011
1983-10-11 03:00:00,25.1562,8.1071,0,-0.0011
1983-10-11 03:10:00,25.2914,8.068,1.5,-0.0012
1983-10-11 03:20:00,25.4512,8.1169,1.5,-0.0011
1983-10-11 03:30:00,25.5003,8.1486,1.5,-0.0011
1983-10-11 03:40:00,25.5642,8.1504,1.5,-0.0012
1983-10-11 03:50:00,25.5887,8.1878,1.5,-0.0012
1983-10-11 04:00:00,25.6133,8.1877,1.5,-0.0012
1983-10-11 04:10:00,25.633,8.1628,1.5,-0.0012
1983-10-11 04:20:00,25.6845,8.1202,1.5,-0.0012
1983-10-11 04:30:00,25.7042,8.1648,1.5,-0.001
1983-10-11 04:40:00,25.7017,8.184,1.5,-9e-4
1983-10-11 04:50:00,25.7459,8.0904,1.5,-0.0014
1983-10-11 05:00:00,25.8073,8.055,1.5,-0.0014
1983-10-11 05:10:00,25.66,8.0101,0,-8e-4
1983-10-11 05:20:00,25.4929,7.8805,0,4e-4
1983-10-11 05:30:00,25.4241,7.804,0,0.0027
1983-10-11 05:40:00,25.3775,7.8716,0,0.0077
1983-10-11 05:50:00,25.348,7.7923,0,0.0175
1983-10-11 06:00:00,25.3111,7.7465,0,0.033
1983-10-11 06:10:00,25.2988,7.7799,0,0.0546
1983-10-11 06:20:00,25.2619,7.8912,0,0.0959
1983-10-11 06:30:00,25.144,8.0991,0,0.0967
1983-10-11 06:40:00,25.2472,8.447,0,0.1062
1983-10-11 06:50:00,25.2226,8.6248,0,0.0768
1983-10-11 07:00:00,25.2497,8.6937,0,0.0672
1983-10-11 07:10:00,25.402,8.9079,1.5,0.1332
1983-10-11 07:20:00,25.6354,9.325,1.5,0.2828
1983-10-11 07:30:00,25.7263,9.6301,1.5,0.322
1983-10-11 07:40:00,25.8417,9.7637,1.5,0.3458
1983-10-11 07:50:00,25.9767,9.9243,1.5,0.4046
1983-10-11 08:00:00,26.0626,10.2306,1.5,0.2967
1983-10-11 08:10:00,26.0822,10.2413,1.5,0.1017
1983-10-11 08:20:00,26.0969,10.4228,1.5,0.0668
1983-10-11 08:30:00,26.0969,10.4512,1.5,0.0746
1983-10-11 08:40:00,26.1607,10.7479,1.5,0.1759
1983-10-11 08:50:00,26.2245,11.0298,1.5,0.2213
1983-10-11 09:00:00,26.3153,11.155,1.5,0.2885
1983-10-11 09:10:00,26.2343,11.1711,0,0.1767
1983-10-11 09:20:00,26.0331,10.9895,0,0.0532
1983-10-11 09:30:00,25.9644,10.9336,0,0.1059
1983-10-11 09:40:00,26.0258,11.1409,0,0.4857
1983-10-11 09:50:00,26.1558,11.2045,0,0.6522
1983-10-11 10:00:00,26.146,11.1097,0,0.4848
1983-10-11 10:10:00,26.3472,11.1104,1.5,0.4834
1983-10-11 10:20:00,26.4992,11.0974,1.5,0.375
1983-10-11 10:30:00,26.661,11.6745,1.5,0.3924
1983-10-11 10:40:00,26.6684,11.791,1.5,0.3379
1983-10-11 10:50:00,26.8889,12.4569,1.5,0.6269
1983-10-11 11:00:00,26.9281,12.1923,1.5,0.3716
1983-10-11 11:10:00,27.0457,12.1643,1.5,0.5136
1983-10-11 11:20:00,27.0236,12.0413,1.5,0.2798
1983-10-11 11:30:00,27.0432,11.7072,1.5,0.2227
1983-10-11 11:40:00,27.124,12.1026,1.5,0.3542
1983-10-11 11:50:00,27.1142,12.0613,1.5,0.178
1983-10-11 12:00:00,27.0775,11.8033,1.5,0.0641
1983-10-11 12:10:00,27.053,10.9263,1.5,0.0556
1983-10-11 12:20:00,27.1436,10.6708,1.5,0.1191
1983-10-11 12:30:00,27.2048,10.9528,1.5,0.368
1983-10-11 12:40:00,27.2342,11.108,1.5,0.2412
1983-10-11 12:50:00,27.337,11.368,1.5,0.3762
1983-10-11 13:00:00,27.408,11.541,1.5,0.2455
1983-10-11 13:10:00,27.3199,11.5686,0,0.2708
1983-10-11 13:20:00,27.1069,11.4038,0,0.1083
1983-10-11 13:30:00,26.9624,10.8253,0,0.025
1983-10-11 13:40:00,26.835,9.6526,0,0.0071
1983-10-11 13:50:00,26.8595,8.8521,0,0.0071
1983-10-11 14:00:00,26.7786,8.7272,0,0.028
1983-10-11 14:10:00,26.8816,8.9521,1.5,0.0683
1983-10-11 14:20:00,27.1044,9.3873,1.5,0.2136
1983-10-11 14:30:00,27.2171,9.875,1.5,0.295
1983-10-11 14:40:00,27.2685,9.8684,1.5,0.2511
1983-10-11 14:50:00,27.3223,10.0121,1.5,0.2763
1983-10-11 15:00:00,27.3566,10.0569,1.5,0.237
1983-10-11 15:10:00,27.3958,9.9797,1.5,0.1899
1983-10-11 15:20:00,27.4056,9.8724,1.5,0.1208
1983-10-11 15:30:00,27.3762,9.5871,1.5,0.0226
1983-10-11 15:40:00,27.3737,9.4881,1.5,0.0098
1983-10-11 15:50:00,27.3713,9.5866,1.5,0.0131
1983-10-11 16:00:00,27.3884,9.5106,1.5,0.0108
1983-10-11 16:10:00,27.2416,9.3579,0,0.008
1983-10-11 16:20:00,27.1069,9.0732,0,0.0036
1983-10-11 16:30:00,27.0236,8.8531,0,0.0015
1983-10-11 16:40:00,26.9771,8.7277,0,-4e-4
1983-10-11 16:50:00,26.911,8.5642,0,-0.001
1983-10-11 17:00:00,26.8424,8.4346,0,-0.0011
1983-10-11 17:10:00,26.9306,8.2695,1.5,-0.0011
1983-10-11 17:20:00,27.0947,8.1894,1.5,-0.0011
1983-10-11 17:30:00,27.1436,8.3087,1.5,-5e-4
1983-10-11 17:40:00,27.1999,8.3241,1.5,-5e-4
1983-10-11 17:50:00,27.2367,8.1792,1.5,-0.0011
1983-10-11 18:00:00,27.2465,8.0858,1.5,-6e-4
1983-10-11 18:10:00,27.1118,7.8866,0,-0.001
1983-10-11 18:20:00,27.0114,7.6134,0,-7e-4
1983-10-11 18:30:00,26.9354,7.6409,0,-0.001
1983-10-11 18:40:00,26.8644,7.4959,0,-0.0014
1983-10-11 18:50:00,26.8007,7.2837,0,-0.0013
1983-10-11 19:00:00,26.7541,7.3572,0,-7e-4
1983-10-11 19:10:00,26.7272,7.3242,0,-0.0012
1983-10-11 19:20:00,26.6782,7.3662,0,-0.0013
1983-10-11 19:30:00,26.6316,7.4855,0,-0.001
1983-10-11 19:40:00,26.6242,7.5898,0,-0.0011
1983-10-11 19:50:00,26.5728,7.6902,0,-7e-4
1983-10-11 20:00:00,26.5384,7.4583,0,-0.0011
1983-10-11 20:10:00,26.6684,7.2762,1.5,-0.0012
1983-10-11 20:20:00,26.8228,7.3047,1.5,-0.0011
1983-10-11 20:30:00,26.8865,7.3862,1.5,-7e-4
1983-10-11 20:40:00,26.9501,7.3774,1.5,-8e-4
1983-10-11 20:50:00,26.9746,7.3094,1.5,-9e-4
1983-10-11 21:00:00,27.0065,7.3215,1.5,-9e-4
1983-10-11 21:10:00,26.9159,7.2382,0,-0.001
1983-10-11 21:20:00,26.7909,7.1591,0,-0.001
1983-10-11 21:30:00,26.688,7.0627,0,-0.0011
1983-10-11 21:40:00,26.6144,6.9852,0,-0.0011
1983-10-11 21:50:00,26.5924,6.9629,0,-0.001
1983-10-11 22:00:00,26.5384,6.9485,0,-9e-4
1983-10-11 22:10:00,26.5115,6.9543,0,-0.001
1983-10-11 22:20:00,26.4624,6.8568,0,-0.0011
1983-10-11 22:30:00,26.4477,6.6902,0,-0.0011
1983-10-11 22:40:00,26.4158,6.7155,0,-9e-4
1983-10-11 22:50:00,26.3938,6.7096,0,-9e-4
1983-10-11 23:00:00,26.3545,6.6237,0,-0.001
1983-10-11 23:10:00,26.4796,6.6655,1.5,-8e-4
1983-10-11 23:20:00,26.6291,6.8123,1.5,-6e-4
1983-10-11 23:30:00,26.6169,6.7792,1.5,-0.001
1983-10-11 23:40:00,26.71,6.8027,1.5,-9e-4
1983-10-11 23:50:00,26.759,6.8558,1.5,-8e-4
1983-10-12 00:00:00,26.8179,6.7899,1.5,-0.001
1983-10-12 00:10:00,26.8424,6.9054,1.5,-0.001
1983-10-12 00:20:00,26.8669,6.8821,1.5,-0.001
1983-10-12 00:30:00,26.9012,6.9002,1.5,-9e-4
1983-10-12 00:40:00,26.9379,6.9394,1.5,-8e-4
1983-10-12 00:50:00,26.9599,6.8757,1.5,-9e-4
1983-10-12 01:00:00,26.9844,6.8028,1.5,-0.001
1983-10-12 01:10:00,26.9893,6.9578,1.5,-0.001
1983-10-12 01:20:00,27.0334,6.9535,1.5,-8e-4
1983-10-12 01:30:00,27.053,7.0384,1.5,-8e-4
1983-10-12 01:40:00,27.0726,7.0737,1.5,-7e-4
1983-10-12 01:50:00,27.1069,6.9974,1.5,-9e-4
1983-10-12 02:00:00,27.1314,6.9893,1.5,-9e-4
1983-10-12 02:10:00,27.0016,7.0684,0,-8e-4
1983-10-12 02:20:00,26.8448,7.0577,0,-8e-4
1983-10-12 02:30:00,26.7443,6.9936,0,-0.001
1983-10-12 02:40:00,26.6831,6.9093,0,-0.001
1983-10-12 02:50:00,26.6438,7.1071,0,-6e-4
1983-10-12 03:00:00,26.6095,7.1784,0,-6e-4
1983-10-12 03:10:00,26.5826,7.0992,0,-9e-4
1983-10-12 03:20:00,26.536,7.0652,0,-0.001
1983-10-12 03:30:00,26.5213,7.0282,0,-9e-4
1983-10-12 03:40:00,26.4722,6.9221,0,-0.001
1983-10-12 03:50:00,26.4355,6.9088,0,-0.001
1983-10-12 04:00:00,26.4036,6.803,0,-0.001
1983-10-12 04:10:00,26.3766,6.8348,0,-0.0011
1983-10-12 04:20:00,26.3325,6.9747,0,-0.001
1983-10-12 04:30:00,26.3226,7.0241,0,-0.001
1983-10-12 04:40:00,26.281,7.0933,0,-9e-4
1983-10-12 04:50:00,26.2638,7.1128,0,-9e-4
1983-10-12 05:00:00,26.2442,7.1237,0,-9e-4
1983-10-12 05:10:00,26.3643,7.1496,1.5,-9e-4
1983-10-12 05:20:00,26.5139,7.2371,1.5,-4e-4
1983-10-12 05:30:00,26.5752,7.3029,1.5,0.0012
1983-10-12 05:40:00,26.6389,7.2155,1.5,0.0051
1983-10-12 05:50:00,26.6757,7.1859,1.5,0.012
1983-10-12 06:00:00,26.737,7.2502,1.5,0.0298
1983-10-12 06:10:00,26.6365,7.4747,0,0.0595
1983-10-12 06:20:00,26.5507,7.6821,0,0.0963
1983-10-12 06:30:00,26.482,7.8131,0,0.1335
1983-10-12 06:40:00,26.46,7.996,0,0.1735
1983-10-12 06:50:00,26.4404,8.2183,0,0.1987
1983-10-12 07:00:00,26.4404,8.3372,0,0.2297
1983-10-12 07:10:00,26.6022,8.487,1.5,0.2792
1983-10-12 07:20:00,26.7909,8.6239,1.5,0.3191
1983-10-12 07:30:00,26.9452,8.8125,1.5,0.3202
1983-10-12 07:40:00,27.0653,9.0594,1.5,0.3448
1983-10-12 07:50:00,27.1412,9.252,1.5,0.3774
1983-10-12 08:00:00,27.2073,9.3798,1.5,0.3513
1983-10-12 08:10:00,27.346800000000002,9.5453,1.5,0.3447
1983-10-12 08:20:00,27.408,9.9116,1.5,0.2936
1983-10-12 08:30:00,27.4667,9.8076,1.5,0.3531
1983-10-12 08:40:00,27.594,10.0372,1.5,0.5244
1983-10-12 08:50:00,27.7187,10.123,1.5,0.5619
1983-10-12 09:00:00,27.8361,10.2536,1.5,0.5719
1983-10-12 09:10:00,27.9266,10.3101,1.5,0.4768
1983-10-12 09:20:00,28.0464,10.5944,1.5,0.6158
1983-10-12 09:30:00,28.1832,10.6103,1.5,0.6038
1983-10-12 09:40:00,28.2981,10.7201,1.5,0.6097
1983-10-12 09:50:00,28.4641,11.0389,1.5,0.6682
1983-10-12 10:00:00,28.5691,11.2485,1.5,0.6218
1983-10-12 10:10:00,28.5667,11.0975,1.5,0.4985
1983-10-12 10:20:00,28.5765,11.0641,1.5,0.3875
1983-10-12 10:30:00,28.5862,11.1791,1.5,0.3762
1983-10-12 10:40:00,28.6522,11.2596,1.5,0.3004
1983-10-12 10:50:00,28.618,11.149,1.5,0.2256
1983-10-12 11:00:00,28.6448,11.2147,1.5,0.3034
1983-10-12 11:10:00,28.6644,11.2544,1.5,0.3854
1983-10-12 11:20:00,28.8035,11.5017,1.5,0.5693
1983-10-12 11:30:00,28.9084,11.7055,1.5,0.5367
1983-10-12 11:40:00,28.9743,11.8905,1.5,0.6293
1983-10-12 11:50:00,29.106,12.2127,1.5,0.6675
1983-10-12 12:00:00,29.1475,11.7757,1.5,0.2915
1983-10-12 12:10:00,28.9767,11.8284,0,0.3774
1983-10-12 12:20:00,28.7815,11.6482,0,0.2664
1983-10-12 12:30:00,28.657,11.9447,0,0.3894
1983-10-12 12:40:00,28.7059,12.2063,0,0.5458
1983-10-12 12:50:00,28.6863,12.2526,0,0.5846
1983-10-12 13:00:00,28.7156,12.2751,0,0.5567
1983-10-12 13:10:00,28.7278,12.1375,0,0.527
1983-10-12 13:20:00,28.6766,12.33,0,0.4948
1983-10-12 13:30:00,28.6619,12.4061,0,0.3955
1983-10-12 13:40:00,28.64,12.263,0,0.3708
1983-10-12 13:50:00,28.6253,12.2184,0,0.3483
1983-10-12 14:00:00,28.6131,12.4822,0,0.3973
1983-10-12 14:10:00,28.9963,12.2386,1.5,0.3052
1983-10-12 14:20:00,29.1426,11.9802,1.5,0.1746
1983-10-12 14:30:00,29.2036,12.5925,1.5,0.3361
1983-10-12 14:40:00,29.3572,12.3677,1.5,0.2905
1983-10-12 14:50:00,29.3645,12.1112,1.5,0.2561
1983-10-12 15:00:00,29.3694,11.9377,1.5,0.2265
1983-10-12 15:10:00,29.245,11.7444,0,0.1749
1983-10-12 15:20:00,28.8987,11.4872,0,0.091
1983-10-12 15:30:00,28.7571,11.2063,0,0.0492
1983-10-12 15:40:00,28.679,10.9188,0,0.0272
1983-10-12 15:50:00,28.6351,10.6269,0,0.0186
1983-10-12 16:00:00,28.5496,10.286,0,0.013
1983-10-12 16:10:00,28.7693,9.9624,1.5,0.006
1983-10-12 16:20:00,28.9011,9.7706,1.5,0.0018
1983-10-12 16:30:00,28.9645,9.6146,1.5,-2e-4
1983-10-12 16:40:00,28.9865,9.3879,1.5,-0.0012
1983-10-12 16:50:00,28.9914,9.2072,1.5,-0.0012
1983-10-12 17:00:00,28.9841,9.2551,1.5,-8e-4
1983-10-12 17:10:00,28.8913,9.3599,0,-6e-4
1983-10-12 17:20:00,28.74,9.3525,0,-6e-4
1983-10-12 17:30:00,28.6204,9.2239,0,-9e-4
1983-10-12 17:40:00,28.535,9.0642,0,-0.0012
1983-10-12 17:50:00,28.4519,8.8597,0,-0.0013
1983-10-12 18:00:00,28.4373,8.713,0,-0.0013
1983-10-12 18:10:00,28.3738,8.6505,0,-0.0012
1983-10-12 18:20:00,28.3445,8.6008,0,-0.001
1983-10-12 18:30:00,28.2883,8.6318,0,-7e-4
1983-10-12 18:40:00,28.2638,8.6656,0,-4e-4
1983-10-12 18:50:00,28.237,8.6977,0,-2e-4
1983-10-12 19:00:00,28.1734,8.7,0,-2e-4
1983-10-12 19:10:00,28.149,8.7964,0,-1e-4
1983-10-12 19:20:00,28.1099,8.8516,0,-4e-4
1983-10-12 19:30:00,28.1026,8.8046,0,-0.0011
1983-10-12 19:40:00,28.0757,8.7741,0,-0.0013
1983-10-12 19:50:00,28.0341,8.7808,0,-0.0013
1983-10-12 20:00:00,28.0195,8.7462,0,-0.0011
1983-10-12 20:10:00,28.1734,8.7321,1.5,-0.001
1983-10-12 20:20:00,28.3518,8.7463,1.5,-7e-4
1983-10-12 20:30:00,28.4006,8.7766,1.5,-5e-4
1983-10-12 20:40:00,28.4446,8.7939,1.5,-4e-4
1983-10-12 20:50:00,28.4764,8.8235,1.5,-2e-4
1983-10-12 21:00:00,28.5081,8.8682,1.5,-2e-4
1983-10-12 21:10:00,28.5423,8.8941,1.5,-1e-4
1983-10-12 21:20:00,28.5545,8.9732,1.5,-1e-4
1983-10-12 21:30:00,28.596,9.0392,1.5,0
1983-10-12 21:40:00,28.618,9.1201,1.5,0
1983-10-12 21:50:00,28.6473,9.1414,1.5,0
1983-10-12 22:00:00,28.6619,9.2095,1.5,0
1983-10-12 22:10:00,28.5545,9.3699,0,0
1983-10-12 22:20:00,28.4202,9.5353,0,0
1983-10-12 22:30:00,28.3469,9.6931,0,0
1983-10-12 22:40:00,28.2785,9.8286,0,0
1983-10-12 22:50:00,28.237,9.9328,0,0
1983-10-12 23:00:00,28.2052,10.0326,0,0
1983-10-12 23:10:00,28.149,10.1341,0,0
1983-10-12 23:20:00,28.1246,10.2169,0,0
1983-10-12 23:30:00,28.0879,10.3213,0,0
1983-10-12 23:40:00,28.0659,10.3651,0,0
1983-10-12 23:50:00,28.0293,10.4357,0,0
1983-10-13 00:00:00,28.0244,10.5094,0,1e-4
1983-10-13 00:10:00,27.9828,10.5903,0,1e-4
1983-10-13 00:20:00,27.9877,10.6803,0,1e-4
1983-10-13 00:30:00,27.9266,10.7899,0,0
1983-10-13 00:40:00,27.9217,10.9127,0,1e-4
1983-10-13 00:50:00,27.8581,11.0227,0,1e-4
1983-10-13 01:00:00,27.8459,11.1481,0,0
1983-10-13 01:10:00,27.8068,11.247,0,1e-4
1983-10-13 01:20:00,27.7872,11.3543,0,0
1983-10-13 01:30:00,27.7774,11.4894,0,1e-4
1983-10-13 01:40:00,27.753,11.6041,0,0
1983-10-13 01:50:00,27.7236,11.7648,0,1e-4
1983-10-13 02:00:00,27.6943,11.917,0,3e-4
1983-10-13 02:10:00,27.841,12.0194,1.5,6e-4
1983-10-13 02:20:00,28.0146,12.111,1.5,6e-4
1983-10-13 02:30:00,28.0928,12.1946,1.5,5e-4
1983-10-13 02:40:00,28.1514,12.2533,1.5,5e-4
1983-10-13 02:50:00,28.1759,12.3129,1.5,5e-4
1983-10-13 03:00:00,28.2125,12.3409,1.5,5e-4
1983-10-13 03:10:00,28.1417,12.344,0,4e-4
1983-10-13 03:20:00,28.0121,12.3665,0,3e-4
1983-10-13 03:30:00,27.9388,12.3836,0,4e-4
1983-10-13 03:40:00,27.8924,12.4011,0,3e-4
1983-10-13 03:50:00,27.8288,12.4224,0,3e-4
1983-10-13 04:00:00,27.819,12.4335,0,2e-4
1983-10-13 04:10:00,27.797,12.4286,0,2e-4
1983-10-13 04:20:00,27.7579,12.3781,0,0
1983-10-13 04:30:00,27.7579,12.3049,0,-2e-4
1983-10-13 04:40:00,27.7138,12.199,0,-5e-4
1983-10-13 04:50:00,27.6918,12.1578,0,-5e-4
1983-10-13 05:00:00,27.638,12.2729,0,1e-4
1983-10-13 05:10:00,27.6356,12.3031,0,1e-4
1983-10-13 05:20:00,27.5817,12.3247,0,1e-4
1983-10-13 05:30:00,27.5744,12.3278,0,3e-4
1983-10-13 05:40:00,27.5524,12.325,0,8e-4
1983-10-13 05:50:00,27.5426,12.3067,0,0.0019
1983-10-13 06:00:00,27.5132,12.2554,0,0.0033
1983-10-13 06:10:00,27.501,12.2021,0,0.0043
1983-10-13 06:20:00,27.4618,12.1481,0,0.0071
1983-10-13 06:30:00,27.4888,12.146,0,0.0069
1983-10-13 06:40:00,27.4423,12.0974,0,0.0088
1983-10-13 06:50:00,27.4227,12.0514,0,0.0058
1983-10-13 07:00:00,27.408,12.0205,0,0.0064
1983-10-13 07:10:00,27.3811,12.0164,0,0.0085
1983-10-13 07:20:00,27.3566,12.0509,0,0.0115
1983-10-13 07:30:00,27.3591,12.1137,0,0.0183
1983-10-13 07:40:00,27.3248,12.1891,0,0.0194
1983-10-13 07:50:00,27.3419,12.2323,0,0.0186
1983-10-13 08:00:00,27.3272,12.3616,0,0.026
1983-10-13 08:10:00,27.4912,12.5346,1.5,0.0344
1983-10-13 08:20:00,27.6135,12.433,1.5,0.0221
1983-10-13 08:30:00,27.6747,12.5147,1.5,0.0321
1983-10-13 08:40:00,27.775,12.5455,1.5,0.0335
1983-10-13 08:50:00,27.7799,12.5359,1.5,0.0302
1983-10-13 09:00:00,27.8483,12.5485,1.5,0.0329
1983-10-13 09:10:00,27.8801,12.5769,1.5,0.0334
1983-10-13 09:20:00,27.9144,12.5596,1.5,0.0321
1983-10-13 09:30:00,27.9632,12.5909,1.5,0.034
1983-10-13 09:40:00,28.0781,12.7734,1.5,0.0418
1983-10-13 09:50:00,28.0512,12.7989,1.5,0.0361
1983-10-13 10:00:00,28.1148,12.9496,1.5,0.0516
1983-10-13 10:10:00,28.1686,13.1943,1.5,0.0556
1983-10-13 10:20:00,28.1881,13.0802,1.5,0.0393
1983-10-13 10:30:00,28.2003,13.0548,1.5,0.0441
1983-10-13 10:40:00,28.2321,13.0524,1.5,0.0394
1983-10-13 10:50:00,28.3005,13.3541,1.5,0.0654
1983-10-13 11:00:00,28.3933,13.8011,1.5,0.0987
1983-10-13 11:10:00,28.4031,14.0261,1.5,0.1298
1983-10-13 11:20:00,28.4373,14.1349,1.5,0.1411
1983-10-13 11:30:00,28.5032,14.1832,1.5,0.1319
1983-10-13 11:40:00,28.5765,14.4409,1.5,0.2764
1983-10-13 11:50:00,28.6253,14.6707,1.5,0.3091
1983-10-13 12:00:00,28.7742,15.0171,1.5,0.426
1983-10-13 12:10:00,28.8596,14.9497,1.5,0.367
1983-10-13 12:20:00,28.8938,14.9779,1.5,0.2903
1983-10-13 12:30:00,28.9011,14.8016,1.5,0.2077
1983-10-13 12:40:00,28.8938,14.504,1.5,0.1886
1983-10-13 12:50:00,29.0353,14.5084,1.5,0.2218
1983-10-13 13:00:00,28.9938,14.4585,1.5,0.1987
1983-10-13 13:10:00,29.006,14.3515,1.5,0.1782
1983-10-13 13:20:00,29.0402,14.2585,1.5,0.1945
1983-10-13 13:30:00,29.0914,14.3037,1.5,0.219
1983-10-13 13:40:00,29.1377,14.3914,1.5,0.228
1983-10-13 13:50:00,29.1621,14.3384,1.5,0.2372
1983-10-13 14:00:00,29.2133,14.4133,1.5,0.2137
1983-10-13 14:10:00,29.1548,14.4492,0,0.2339
1983-10-13 14:20:00,29.0402,14.3997,0,0.2172
1983-10-13 14:30:00,28.9426,14.1834,0,0.1896
1983-10-13 14:40:00,28.8987,14.2339,0,0.2445
1983-10-13 14:50:00,28.8669,14.1617,0,0.2045
1983-10-13 15:00:00,28.8011,13.7612,0,0.1296
1983-10-13 15:10:00,28.9133,13.6766,1.5,0.135
1983-10-13 15:20:00,29.0621,13.4148,1.5,0.1063
1983-10-13 15:30:00,29.1329,13.3773,1.5,0.126
1983-10-13 15:40:00,29.1548,13.1646,1.5,0.0878
1983-10-13 15:50:00,29.1304,12.8421,1.5,0.0407
1983-10-13 16:00:00,29.1475,12.5829,1.5,0.0183
1983-10-13 16:10:00,29.0158,12.3887,0,0.0095
1983-10-13 16:20:00,28.8913,12.1888,0,0.0031
1983-10-13 16:30:00,28.8059,11.8798,0,0
1983-10-13 16:40:00,28.7644,11.6058,0,-0.0011
1983-10-13 16:50:00,28.701,11.3933,0,-0.0014
1983-10-13 17:00:00,28.657,11.2919,0,-0.0015
1983-10-13 17:10:00,28.5789,11.186,0,-0.0014
1983-10-13 17:20:00,28.5398,11.0216,0,-0.0014
1983-10-13 17:30:00,28.5008,11.0079,0,-0.0014
1983-10-13 17:40:00,28.4764,11.0157,0,-0.0015
1983-10-13 17:50:00,28.4446,11.0732,0,-0.0014
1983-10-13 18:00:00,28.408,11.0065,0,-0.0015
1983-10-13 18:10:00,28.5545,11.0528,1.5,-0.0015
1983-10-13 18:20:00,28.6766,11.0723,1.5,-0.0014
1983-10-13 18:30:00,28.7571,11.0445,1.5,-0.0015
1983-10-13 18:40:00,28.7986,11.0769,1.5,-0.0014
1983-10-13 18:50:00,28.8377,10.9134,1.5,-0.0015
1983-10-13 19:00:00,28.8791,10.865,1.5,-0.0015
1983-10-13 19:10:00,28.9182,10.726,1.5,-0.0014
1983-10-13 19:20:00,28.9792,10.7763,1.5,-0.0013
1983-10-13 19:30:00,28.9597,10.6601,1.5,-0.0012
1983-10-13 19:40:00,29.0158,10.6928,1.5,-0.0011
1983-10-13 19:50:00,29.0206,10.7256,1.5,-0.0011
1983-10-13 20:00:00,29.0402,10.6582,1.5,-0.0012
1983-10-13 20:10:00,28.9182,10.8008,0,-0.0013
1983-10-13 20:20:00,28.8011,11.1621,0,-0.0013
1983-10-13 20:30:00,28.7229,11.2812,0,-0.0012
1983-10-13 20:40:00,28.6717,11.3949,0,-0.0013
1983-10-13 20:50:00,28.6082,11.4495,0,-0.0012
1983-10-13 21:00:00,28.5667,11.6306,0,-0.0011
1983-10-13 21:10:00,28.5374,11.5732,0,-0.0012
1983-10-13 21:20:00,28.5154,11.6518,0,-0.0012
1983-10-13 21:30:00,28.5814,11.7491,0,-0.0011
1983-10-13 21:40:00,28.4251,11.6514,0,-0.0012
1983-10-13 21:50:00,28.408,11.4903,0,-0.0013
1983-10-13 22:00:00,28.3591,11.5356,0,-0.0013
1983-10-13 22:10:00,28.5276,11.5735,1.5,-0.0012
1983-10-13 22:20:00,28.6546,11.5129,1.5,-0.0013
1983-10-13 22:30:00,28.7303,11.4966,1.5,-0.0012
1983-10-13 22:40:00,28.7571,11.3938,1.5,-0.0012
1983-10-13 22:50:00,28.8084,11.3911,1.5,-0.0011
1983-10-13 23:00:00,28.8474,11.434,1.5,-0.0011
1983-10-13 23:10:00,28.8743,11.4323,1.5,-0.0011
1983-10-13 23:20:00,28.9157,11.538,1.5,-0.0012
1983-10-13 23:30:00,28.9426,11.5357,1.5,-0.0012
1983-10-13 23:40:00,28.945,11.5843,1.5,-0.0012
1983-10-13 23:50:00,28.9889,11.4833,1.5,-0.0013
1983-10-14 00:00:00,29.0206,11.547,1.5,-0.0014
1983-10-14 00:10:00,28.9206,11.6552,0,-0.0013
1983-10-14 00:20:00,28.7693,11.5631,0,-0.0013
1983-10-14 00:30:00,28.6839,11.6582,0,-0.0013
1983-10-14 00:40:00,28.6131,11.7328,0,-0.0012
1983-10-14 00:50:00,28.5862,11.9483,0,-9e-4
1983-10-14 01:00:00,28.5716,11.9118,0,-8e-4
1983-10-14 01:10:00,28.6741,11.9468,1.5,-9e-4
1983-10-14 01:20:00,28.8108,12.0051,1.5,-8e-4
1983-10-14 01:30:00,28.8913,12.0251,1.5,-7e-4
1983-10-14 01:40:00,28.9084,12.0698,1.5,-7e-4
1983-10-14 01:50:00,28.9694,12.132,1.5,-8e-4
1983-10-14 02:00:00,28.9865,12.1849,1.5,-8e-4
1983-10-14 02:10:00,29.0182,12.2615,1.5,-7e-4
1983-10-14 02:20:00,29.0377,12.3352,1.5,-7e-4
1983-10-14 02:30:00,29.0743,12.3403,1.5,-6e-4
1983-10-14 02:40:00,29.1109,12.456,1.5,-4e-4
1983-10-14 02:50:00,29.1207,12.5773,1.5,-4e-4
1983-10-14 03:00:00,29.1719,12.6638,1.5,-3e-4
1983-10-14 03:10:00,29.1865,12.7056,1.5,-2e-4
1983-10-14 03:20:00,29.2109,12.8658,1.5,1e-4
1983-10-14 03:30:00,29.2158,13.1034,1.5,1e-4
1983-10-14 03:40:00,29.2328,13.2611,1.5,0
1983-10-14 03:50:00,29.2694,13.3627,1.5,-1e-4
1983-10-14 04:00:00,29.3035,13.3836,1.5,-3e-4
1983-10-14 04:10:00,29.1694,13.3458,0,-3e-4
1983-10-14 04:20:00,29.0719,13.246,0,-6e-4
1983-10-14 04:30:00,28.945,13.2259,0,-5e-4
1983-10-14 04:40:00,28.884,13.1591,0,-5e-4
1983-10-14 04:50:00,28.8425,13.1654,0,-5e-4
1983-10-14 05:00:00,28.8011,13.061,0,-6e-4
1983-10-14 05:10:00,28.9182,13.0007,1.5,-7e-4
1983-10-14 05:20:00,29.0597,13.0199,1.5,-6e-4
1983-10-14 05:30:00,29.1475,13.0398,1.5,2e-4
1983-10-14 05:40:00,29.1548,12.975,1.5,0.002
1983-10-14 05:50:00,29.1938,12.8732,1.5,0.0041
1983-10-14 06:00:00,29.2304,13.0332,1.5,0.0052
1983-10-14 06:10:00,29.2548,13.1915,1.5,0.0055
1983-10-14 06:20:00,29.2987,13.0169,1.5,0.0103
1983-10-14 06:30:00,29.3572,12.8591,1.5,0.0132
1983-10-14 06:40:00,29.3718,12.7579,1.5,0.0229
1983-10-14 06:50:00,29.4132,12.5584,1.5,0.0276
1983-10-14 07:00:00,29.4571,12.4923,1.5,0.0321
1983-10-14 07:10:00,29.3328,12.4188,0,0.0357
1983-10-14 07:20:00,29.2304,12.4392,0,0.148
1983-10-14 07:30:00,29.2182,12.4385,0,0.2109
1983-10-14 07:40:00,29.2523,12.5607,0,0.3095
1983-10-14 07:50:00,29.2865,12.7994,0,0.3572
1983-10-14 08:00:00,29.2572,13.3139,0,0.4201
1983-10-14 08:10:00,29.4401,13.4477,1.5,0.1746
1983-10-14 08:20:00,29.6301,13.2824,1.5,0.3935
1983-10-14 08:30:00,29.7934,13.34,1.5,0.4471
1983-10-14 08:40:00,29.9078,13.4264,1.5,0.471
1983-10-14 08:50:00,30.015,13.5994,1.5,0.4508
1983-10-14 09:00:00,30.1075,13.6894,1.5,0.3748
1983-10-14 09:10:00,30.0125,13.94,0,0.3199
